{
    "best_score": 0.1549958600394264,
    "loss": 0.15527444269237342,
    "loss_valid": 0.17769879729860158,
    "grad_norm": 1.084427695161377,
    "stoi": [],
    "pesq": [],
    "sisdr": [],
    "haspi": [],
    "hasqi": []
}