{
    "best_score": 0.12225250617941669,
    "loss": 0.12229062451182864,
    "loss_valid": 0.14620631336162387,
    "grad_norm": 0.7781849961398049,
    "stoi": [],
    "pesq": [],
    "sisdr": [],
    "haspi": [],
    "hasqi": []
}