{
    "best_score": 0.3221196502871864,
    "loss": 0.3221196502871864,
    "loss_valid": 0.3349637004960278,
    "grad_norm": 1.3883171992838053,
    "stoi": [],
    "pesq": [],
    "sisdr": [],
    "haspi": [],
    "hasqi": []
}